variable,Polyarchy
Turnover Period (Source: LIED),1
"Lower chamber Vote Share, second largest party",0.718145262616997
"Lower chamber Vote Share, third largest party",0.686098581831111
"Lower chamber Seat Share, third largest party",0.629548152124952
Elections multiparty (LIED),0.626387720507108
"Lower chamber Vote Share, largest party",0.500072099137018
Two turnover periods (Source: LIED),0.445821373566061
"Lower chamber Seat Share, second largest party",0.441699698404848
"Difference Vote Share, two largest parties",0.411201058894427
"Vote Share, two largest parties",0.409856774007486
"Lower chamber Seat Share, largest party",0.359494352547401
Lower chamber election cumulative,0.300876227622847
Lower chamber election consecutive,0.300856476686615
Share of population with suffrage ,0.299319308994356
"Electoral Regime Index, Lower chamber",0.163354897316268
"Presidential Vote Share, largest party",0.0939609222677363
"Presidential Vote Share, second largest party",0.0804730055664291
Presidential elections cumulative,0.0685595214777928
Presidential elections consecutive ,0.045121697824297
Election HOG turnover ordinal,0.0425346627756618
Vote Share Top2 combined >= 60%,0.0423470787872127
Election executive turnover ordinal,0.0386045963552125
"Electoral Regime Index, Presidential",0.0261881708801214
Election HOS turnover ordinal,0.0194624384045565
Turnover Event (Source: LIED),0.00836951720703443
Independent states,0.00220089294311496
