variable,Polity2
Elections multiparty (LIED),1
Turnover Period (Source: LIED),0.972387111913309
"Lower chamber Seat Share, second largest party",0.664026609486465
"Lower chamber Vote Share, second largest party",0.626605565587998
"Lower chamber Seat Share, third largest party",0.476946063193505
"Lower chamber Vote Share, largest party",0.344881757232714
"Difference Vote Share, two largest parties",0.341854035141494
"Lower chamber Vote Share, third largest party",0.339845070197861
"Lower chamber Seat Share, largest party",0.321225227846933
Two turnover periods (Source: LIED),0.307668888795132
"Vote Share, two largest parties",0.278846510784723
Lower chamber election cumulative,0.221833101683547
Lower chamber election consecutive,0.205235809444185
Share of population with suffrage ,0.13442373655702
"Presidential Vote Share, largest party",0.12603630232675
Presidential elections cumulative,0.0760097786374222
"Presidential Vote Share, second largest party",0.072964348307754
Election HOG turnover ordinal,0.0611855418256945
"Electoral Regime Index, Lower chamber",0.0605227337815457
Election executive turnover ordinal,0.0498093986030646
Presidential elections consecutive ,0.0406590705389626
Election HOS turnover ordinal,0.0221637472470002
Vote Share Top2 combined >= 60%,0.0219998260763068
"Electoral Regime Index, Presidential",0.0202548494577039
Turnover Event (Source: LIED),0.0111428053845121
Independent states,0.00457534077666983
