variable,Freedom House
Turnover Period (Source: LIED),1
Elections multiparty (LIED),0.921647139165758
"Lower chamber Vote Share, second largest party",0.641629576403845
"Lower chamber Seat Share, second largest party",0.563786407779711
"Lower chamber Seat Share, third largest party",0.553522005928415
"Lower chamber Vote Share, third largest party",0.435056826750639
Lower chamber election cumulative,0.346183866289259
Two turnover periods (Source: LIED),0.337393346249904
"Lower chamber Vote Share, largest party",0.334398806245813
"Difference Vote Share, two largest parties",0.314956996521383
"Lower chamber Seat Share, largest party",0.300990480023931
Lower chamber election consecutive,0.293281450859185
"Vote Share, two largest parties",0.25878385407761
"Presidential Vote Share, largest party",0.122001136128831
"Presidential Vote Share, second largest party",0.0925129604640007
Presidential elections cumulative,0.0871446829472055
"Electoral Regime Index, Lower chamber",0.0579699876455325
Election HOG turnover ordinal,0.0562011288372191
Presidential elections consecutive ,0.0515471369645169
Election executive turnover ordinal,0.0498052122448771
Share of population with suffrage ,0.0420160154726308
"Electoral Regime Index, Presidential",0.024597583095881
Election HOS turnover ordinal,0.0219751597603372
Vote Share Top2 combined >= 60%,0.0141408070343945
Turnover Event (Source: LIED),0.0100340535651136
Independent states,0.00344556033722298
